Rank,Player,Position,"Pos Rank",Team,Age,Value
1,"Jahmyr Gibbs",RB,1,DET,24.6,10000
2,"Bijan Robinson",RB,2,ATL,24.7,9954
3,"Josh Allen",QB,1,BUF,30.4,9748
4,"Jaxon Smith-Njigba",WR,1,SEA,24.6,9379
5,"Ja'Marr Chase",WR,2,CIN,26.6,8733
6,"Amon-Ra St. Brown",WR,3,DET,27.0,7956
7,"Puka Nacua",WR,4,LAR,25.4,7398
8,"Brock Bowers",TE,1,LV,23.8,6752
9,"Ashton Jeanty",RB,3,LV,22.9,6214
10,"Lamar Jackson",QB,2,BAL,29.7,6160
11,"CeeDee Lamb",WR,5,DAL,27.5,6127
12,"Trey McBride",TE,2,ARI,26.9,6082
13,"Kenneth Walker",RB,4,KC,26.0,6081
14,"Caleb Williams",QB,3,CHI,24.9,5966
15,"Justin Jefferson",WR,6,MIN,27.3,5833
16,"Joe Burrow",QB,4,CIN,29.8,5747
17,"Jeremiyah Love",RB,5,ARI,21.4,5679
18,"Jonathan Taylor",RB,6,IND,27.7,5624
19,"Patrick Mahomes",QB,5,KC,31.1,5138
20,"Brock Purdy",QB,6,SF,26.8,5065
21,"James Cook",RB,7,BUF,27.0,5057
22,"Malik Nabers",WR,7,NYG,23.2,5055
23,"Drake Maye",QB,7,NE,24.1,4999
24,"Drake London",WR,8,ATL,25.2,4955
25,"2027 Early 1st",PICK,,2027,,4924
26,"Trevor Lawrence",QB,8,JAX,27.0,4846
27,"Chris Olave",WR,9,NO,26.3,4841
28,"Jayden Daniels",QB,9,WAS,25.8,4322
29,"Kyren Williams",RB,8,LAR,26.1,4035
30,"Jalen Hurts",QB,10,PHI,28.2,3975
31,"Zay Flowers",WR,10,BAL,26.1,3959
32,"Garrett Wilson",WR,11,NYJ,26.2,3794
33,"Christian McCaffrey",RB,9,SF,30.3,3746
34,"Tetairoa McMillan",WR,12,CAR,23.5,3676
35,"Nico Collins",WR,13,HOU,27.6,3610
36,"Tyler Shough",QB,11,NO,27.0,3564
37,"Chase Brown",RB,10,CIN,26.5,3558
38,"Omarion Hampton",RB,11,LAC,23.6,3501
39,"Bo Nix",QB,12,DEN,26.6,3368
40,"2028 Early 1st",PICK,,2028,,3362
41,"De'Von Achane",RB,12,MIA,25.0,3319
42,"George Pickens",WR,14,DAL,25.6,3287
43,"Justin Herbert",QB,13,LAC,28.6,3134
44,"Fernando Mendoza",QB,14,LV,23.0,3119
45,"Jaxson Dart",QB,15,NYG,23.4,3100
46,"Breece Hall",RB,13,NYJ,25.4,3065
47,"Tyler Warren",TE,3,IND,24.4,2924
48,"Parker Washington",WR,15,JAX,24.6,2920
49,"Derrick Henry",RB,14,BAL,32.8,2884
50,"Bryce Young",QB,16,CAR,25.2,2870
51,"Luther Burden",WR,16,CHI,22.8,2863
52,"Dak Prescott",QB,17,DAL,33.2,2856
53,"DeVonta Smith",WR,17,PHI,27.9,2843
54,"Javonte Williams",RB,15,DAL,26.5,2836
55,"Colston Loveland",TE,4,CHI,22.5,2768
56,"Jordan Love",QB,18,GB,27.9,2767
57,"Carnell Tate",WR,18,TEN,21.7,2702
58,"Jared Goff",QB,19,DET,32.0,2671
59,"2027 Mid 1st",PICK,,2027,,2662
60,"Emeka Egbuka",WR,19,TB,24.0,2654
61,"Saquon Barkley",RB,16,PHI,29.7,2643
62,"Ladd McConkey",WR,20,LAC,24.9,2614
63,"Tee Higgins",WR,21,CIN,27.7,2582
64,"Christian Watson",WR,22,GB,27.4,2581
65,"C.J. Stroud",QB,20,HOU,25.0,2559
66,"Bucky Irving",RB,17,TB,24.1,2518
67,"Quinshon Judkins",RB,18,CLE,22.9,2467
68,"Rashee Rice",WR,23,KC,26.5,2399
69,"Cam Skattebo",RB,19,NYG,24.7,2374
70,"Chuba Hubbard",RB,20,CAR,27.3,2371
71,"2029 Early 1st",PICK,,2029,,2364
72,"A.J. Brown",WR,24,NE,29.3,2339
73,"Bhayshul Tuten",RB,21,JAX,23.6,2319
74,"TreVeyon Henderson",RB,22,NE,24.0,2264
75,"Matthew Golden",WR,25,GB,23.2,2260
76,"Jordyn Tyson",WR,26,NO,22.2,2247
77,"Jaylen Waddle",WR,27,DEN,27.9,2241
78,"D'Andre Swift",RB,23,CHI,27.7,2222
79,"2027 Late 1st",PICK,,2027,,2207
80,"Michael Wilson",WR,28,ARI,26.6,2177
81,"Sam LaPorta",TE,5,DET,25.7,2143
82,"Jadarian Price",RB,24,SEA,23.0,2142
83,"Tucker Kraft",TE,6,GB,25.9,2141
84,"Sam Darnold",QB,21,SEA,29.3,2122
85,"Denzel Boston",WR,29,CLE,22.8,2049
86,"Harold Fannin",TE,7,CLE,22.2,1984
87,"Kenyon Sadiq",TE,8,NYJ,21.6,1911
88,"Rome Odunze",WR,30,CHI,24.3,1851
89,"Cam Ward",QB,22,TEN,24.4,1833
90,"2028 Mid 1st",PICK,,2028,,1817
91,"Jalen Coker",WR,31,CAR,24.9,1813
92,"Makai Lemon",WR,32,PHI,22.3,1787
93,"Jameson Williams",WR,33,DET,25.5,1763
94,"Davante Adams",WR,34,LAR,33.8,1761
95,"KC Concepcion",WR,35,CLE,22.0,1735
96,"Matthew Stafford",QB,23,LAR,38.7,1729
97,"Baker Mayfield",QB,24,TB,31.5,1699
98,"DJ Moore",WR,36,BUF,29.5,1643
99,"George Kittle",TE,9,SF,33.0,1628
100,"Dalton Kincaid",TE,10,BUF,27.0,1597
101,"Marvin Harrison",WR,37,ARI,24.2,1573
102,"Jaylen Warren",RB,25,PIT,27.9,1522
103,"Kyler Murray",QB,25,MIN,29.2,1514
104,"2028 Late 1st",PICK,,2028,,1505
105,"Travis Etienne",RB,26,NO,27.7,1488
106,"RJ Harvey",RB,27,DEN,25.7,1433
107,"Isaiah Likely",TE,11,NYG,26.5,1418
108,"David Montgomery",RB,28,HOU,29.3,1412
109,"Ty Simpson",QB,26,LAR,23.8,1388
110,"Brian Thomas",WR,38,JAX,24.0,1384
111,"Josh Downs",WR,39,IND,25.2,1348
112,"Kyle Monangai",RB,29,CHI,24.3,1324
113,"2027 Early 2nd",PICK,,2027,,1298
114,"2029 Mid 1st",PICK,,2029,,1277
115,"2027 Mid 2nd",PICK,,2027,,1215
116,"2029 Late 1st",PICK,,2029,,1059
117,"Michael Penix",QB,27,ATL,26.4,1025
118,"Josh Jacobs",RB,30,GB,28.7,957
119,"Jordan Addison",WR,40,MIN,24.7,884
120,"2027 Late 2nd",PICK,,2027,,884
121,"Mike Evans",WR,41,SF,33.1,875
122,"2028 Early 2nd",PICK,,2028,,872
123,"Kyle Pitts",TE,12,ATL,26.0,851
124,"2028 Mid 2nd",PICK,,2028,,817
125,"Jonah Coleman",RB,31,DEN,23.1,784
126,"Malik Willis",QB,28,MIA,27.4,778
127,"Zach Charbonnet",RB,32,SEA,25.7,769
128,"Daniel Jones",QB,29,IND,29.4,733
129,"2029 Early 2nd",PICK,,2029,,715
130,"De'Zhaun Stribling",WR,42,SF,23.8,696
131,"Terry McLaurin",WR,43,WAS,31.1,687
132,"Rhamondre Stevenson",RB,33,NE,28.6,671
133,"2029 Mid 2nd",PICK,,2029,,670
134,"DK Metcalf",WR,44,PIT,28.8,656
135,"Alec Pierce",WR,45,IND,26.4,642
136,"Blake Corum",RB,34,LAR,25.9,618
137,"2028 Late 2nd",PICK,,2028,,594
138,"Omar Cooper",WR,46,NYJ,22.8,588
139,"Jacory Croskey-Merritt",RB,35,WAS,25.5,571
140,"Juwan Johnson",TE,13,NO,30.1,496
141,"2029 Late 2nd",PICK,,2029,,488
142,"Travis Kelce",TE,14,KC,37.0,470
143,"Jayden Higgins",WR,47,HOU,23.8,468
144,"Antonio Williams",WR,48,WAS,22.2,433
145,"Xavier Worthy",WR,49,KC,23.4,424
146,"Emmett Johnson",RB,36,KC,23.0,397
147,"2027 Early 3rd",PICK,,2027,,386
148,"Jake Ferguson",TE,15,DAL,27.7,375
149,"Carson Beck",QB,30,ARI,23.9,375
150,"Ollie Gordon",RB,37,MIA,22.7,370
151,"Terrance Ferguson",TE,16,LAR,23.6,359
152,"Deebo Samuel",WR,50,SF,30.7,358
153,"2027 Mid 3rd",PICK,,2027,,356
154,"Woody Marks",RB,38,HOU,25.8,355
155,"Tre' Harris",WR,51,LAC,24.6,354
156,"Quentin Johnston",WR,52,LAC,25.1,350
157,"Rachaad White",RB,39,WAS,27.7,342
158,"Braelon Allen",RB,40,NYJ,22.7,342
159,"Jacoby Brissett",QB,31,ARI,33.8,342
160,"Wan'Dale Robinson",WR,53,TEN,25.8,341
161,"Deshaun Watson",QB,32,CLE,31.1,338
162,"Brenton Strange",TE,17,JAX,25.8,337
163,"Pat Bryant",WR,54,DEN,23.8,333
164,"Romeo Doubs",WR,55,NE,26.5,333
165,"Chris Bell",WR,56,MIA,22.3,332
166,"Germie Bernard",WR,57,PIT,22.9,332
167,"Jakobi Meyers",WR,58,JAX,29.9,331
168,"Kirk Cousins",QB,33,LV,38.1,329
169,"Stefon Diggs",WR,59,WAS,32.9,325
170,"Ricky Pearsall",WR,60,SF,26.1,322
171,"Aaron Jones",RB,41,MIN,31.8,321
172,"Malachi Fields",WR,61,NYG,23.1,321
173,"2027 Late 3rd",PICK,,2027,,320
174,"Caleb Douglas",WR,62,MIA,23.1,316
175,"Jonathon Brooks",RB,42,CAR,23.2,312
176,"Eli Stowers",TE,18,PHI,23.5,312
177,"Tony Pollard",RB,43,TEN,29.4,307
178,"Dallas Goedert",TE,19,PHI,31.8,307
179,"Jayden Reed",WR,63,GB,26.4,305
180,"Ja'Kobi Lane",WR,64,BAL,22.4,305
181,"Adonai Mitchell",WR,65,NYJ,24.0,300
182,"AJ Barner",TE,20,SEA,24.4,299
183,"Drew Allar",QB,34,PIT,22.6,299
184,"Jordan Mason",RB,44,MIN,27.4,297
185,"Dontayvion Wicks",WR,66,PHI,25.3,293
186,"Rico Dowdle",RB,45,PIT,28.3,291
187,"Kaelon Black",RB,46,SF,25.0,291
188,"J.K. Dobbins",RB,47,DEN,27.8,287
189,"Chris Godwin",WR,67,TB,30.6,283
190,"Dalton Schultz",TE,21,HOU,30.2,280
191,"Mark Andrews",TE,22,BAL,31.1,278
192,"Keon Coleman",WR,68,BUF,23.4,275
193,"Mike Washington",RB,48,LV,23.3,274
194,"Tank Dell",WR,69,HOU,26.9,273
195,"Brian Robinson",RB,49,ATL,27.5,272
196,"Kenny Gainwell",RB,50,TB,27.6,269
197,"Ted Hurst",WR,70,TB,22.3,269
198,"Geno Smith",QB,35,NYJ,36.0,268
199,"Nicholas Singleton",RB,51,TEN,22.8,267
200,"Michael Pittman",WR,71,PIT,29.0,261
201,"Colby Parkinson",TE,23,LAR,27.7,261
202,"2028 Early 3rd",PICK,,2028,,260
203,"Devaughn Vele",WR,72,NO,28.8,257
204,"Tre Tucker",WR,73,LV,25.6,255
205,"Eli Raridon",TE,24,NE,22.7,255
206,"Khalil Shakir",WR,74,BUF,26.7,254
207,"Tyler Allgeier",RB,52,ARI,26.5,253
208,"Keaton Mitchell",RB,53,LAC,24.7,248
209,"Aaron Rodgers",QB,36,PIT,42.9,246
210,"T.J. Hockenson",TE,25,MIN,29.3,245
211,"Elijah Sarratt",WR,75,BAL,23.4,243
212,"Shedeur Sanders",QB,37,CLE,24.7,241
213,"Jalen McMillan",WR,76,TB,24.8,240
214,"Oronde Gadsden",TE,26,LAC,23.3,239
215,"J.J. McCarthy",QB,38,NYG,23.7,239
216,"MarShawn Lloyd",RB,54,GB,25.8,239
217,"2028 Mid 3rd",PICK,,2028,,239
218,"Alvin Kamara",RB,55,NO,31.2,234
219,"Courtland Sutton",WR,77,DEN,31.0,233
220,"Malik Washington",WR,78,MIA,25.8,232
221,"Tory Horton",WR,79,SEA,23.9,225
222,"Tank Bigsby",RB,56,PHI,24.1,219
223,"Tyjae Spears",RB,57,TEN,25.3,216
224,"Jaylin Noel",WR,80,HOU,24.1,215
225,"2028 Late 3rd",PICK,,2028,,215
226,"2029 Early 3rd",PICK,,2029,,213
227,"Michael Mayer",TE,27,LV,25.3,211
228,"Dylan Sampson",RB,58,CLE,22.1,202
229,"Mac Jones",QB,39,SF,28.1,202
230,"Roman Wilson",WR,81,PIT,25.3,200
231,"Zachariah Branch",WR,82,ATL,22.5,199
232,"Ryan Flournoy",WR,83,DAL,26.9,196
233,"2029 Mid 3rd",PICK,,2029,,196
234,"Kendre Miller",RB,59,NO,24.3,194
235,"Cyrus Allen",WR,84,KC,23.7,194
236,"Anthony Richardson",QB,40,IND,24.4,192
237,"Jack Bech",WR,85,LV,23.8,192
238,"Cooper Kupp",WR,86,SEA,33.3,189
239,"Chris Rodriguez",RB,60,JAX,27.0,188
240,"Gunnar Helm",TE,28,TEN,24.1,188
241,"Tyson Bagent",QB,41,CHI,26.3,188
242,"Tua Tagovailoa",QB,42,ATL,28.6,187
243,"Jameis Winston",QB,43,NYG,32.8,187
244,"Emanuel Wilson",RB,61,SEA,27.4,183
245,"Hunter Henry",TE,29,NE,31.8,182
246,"Adam Randall",RB,62,BAL,22.2,182
247,"Chris Brazzell",WR,87,CAR,23.0,182
248,"Jalen Nailor",WR,88,LV,27.6,181
249,"Jaylen Wright",RB,63,MIA,23.5,180
250,"Marcus Mariota",QB,44,WAS,32.9,179
251,"Jalon Daniels",QB,45,TB,23.9,177
252,"Jauan Jennings",WR,89,MIN,29.2,176
253,"Kaytron Allen",RB,64,WAS,23.7,176
254,"2029 Late 3rd",PICK,,2029,,176
255,"Justin Fields",QB,46,KC,27.6,173
256,"Evan Engram",TE,30,DEN,32.1,170
257,"Cade Otton",TE,31,TB,27.5,169
258,"Kaleb Johnson",RB,65,GB,23.2,167
259,"Rashod Bateman",WR,90,BAL,26.9,166
260,"Chig Okonkwo",TE,32,WAS,27.1,163
261,"2027 Early 4th",PICK,,2027,,161
262,"Kyle Williams",WR,91,NE,23.9,160
263,"Elic Ayomanor",WR,92,TEN,23.3,156
264,"Jerry Jeudy",WR,93,CLE,27.5,155
265,"Keenan Allen",WR,94,IND,34.4,155
266,"Cade Klubnik",QB,47,NYJ,23.0,154
267,"Darnell Washington",TE,33,PIT,25.1,152
268,"Troy Franklin",WR,95,DEN,23.7,152
269,"2027 Mid 4th",PICK,,2027,,152
270,"Joe Flacco",QB,48,CIN,41.7,151
271,"Isaac TeSlaa",WR,96,DET,24.6,150
272,"DJ Giddens",RB,66,IND,23.1,150
273,"Xavier Legette",WR,97,CAR,25.7,146
274,"Quinn Ewers",QB,49,JAX,23.6,146
275,"Seth McGowan",RB,67,IND,25.0,146
276,"Will Howard",QB,50,PIT,25.0,145
277,"Darnell Mooney",WR,98,NYG,28.9,140
278,"Sean Tucker",RB,68,TB,25.0,139
279,"Jordan James",RB,69,SF,22.5,138
280,"2027 Late 4th",PICK,,2027,,138
281,"Tez Johnson",WR,99,TB,24.4,131
282,"Max Klare",TE,34,LAR,23.3,127
283,"Brandon Aiyuk",WR,100,SF,28.6,126
284,"David Njoku",TE,35,LAC,30.2,125
285,"Demond Claiborne",RB,70,MIN,23.0,122
286,"Ray Davis",RB,71,BUF,26.9,121
287,"Elijah Arroyo",TE,36,SEA,23.5,120
288,"Rashid Shaheed",WR,101,SEA,28.1,117
289,"Tyrone Tracy",RB,72,NYG,26.9,117
290,"Skyler Bell",WR,102,BUF,24.3,116
291,"Konata Mumpfield",WR,103,LAR,24.0,115
292,"Trey Benson",RB,73,ARI,24.2,112
293,"2028 Early 4th",PICK,,2028,,110
294,"Isiah Pacheco",RB,74,DET,27.6,105
295,"Demarcus Robinson",WR,104,SF,32.0,105
296,"2028 Mid 4th",PICK,,2028,,104
297,"Raheim Sanders",RB,75,CLE,24.3,102
298,"Jalen Milroe",QB,51,SEA,23.8,102
299,"Devontez Walker",WR,105,BAL,25.3,100
300,"Kayshon Boutte",WR,106,HOU,24.4,98
301,"Justice Hill",RB,76,BAL,28.9,96
302,"Spencer Rattler",QB,52,NO,26.0,96
303,"Bryce Lance",WR,107,NO,24.1,94
304,"2028 Late 4th",PICK,,2028,,94
305,"Pat Freiermuth",TE,37,PIT,28.0,93
306,"2029 Early 4th",PICK,,2029,,90
307,"John Metchie",WR,108,CAR,26.2,89
308,"Marvin Mims",WR,109,DEN,24.6,87
309,"Mike Gesicki",TE,38,CIN,31.0,86
310,"Kimani Vidal",RB,77,LAC,25.1,85
311,"2029 Mid 4th",PICK,,2029,,85
312,"Joe Milton",QB,53,DAL,26.6,82
313,"Najee Harris",RB,78,NYG,28.6,79
314,"Calvin Ridley",WR,110,TEN,31.8,78
315,"2029 Late 4th",PICK,,2029,,77
316,"Xavier Hutchinson",WR,111,HOU,26.4,73
317,"Mason Rudolph",QB,54,PIT,31.2,70
318,"Mason Taylor",TE,39,NYJ,22.4,69
319,"Dawson Knox",TE,40,BUF,29.9,66
320,"Oscar Delp",TE,41,NO,23.2,66
321,"Michael Trigg",TE,42,DAL,24.3,64
322,"Davis Mills",QB,55,HOU,28.0,60
323,"Tyquan Thornton",WR,112,KC,26.2,60
324,"Drew Lock",QB,56,SEA,29.9,58
325,"Greg Dulcich",TE,43,MIA,26.5,57
326,"Malik Davis",RB,79,DAL,27.9,53
327,"Malachi Corley",WR,113,CLE,24.6,52
328,"Max Brosmer",QB,57,MIN,25.5,50
329,"Jalen Royals",WR,114,KC,23.6,49
330,"Emari Demercado",RB,80,DAL,27.7,47
331,"Kalif Raymond",WR,115,CHI,32.2,45
332,"Jake Tonges",TE,44,SF,27.3,43
333,"Treylon Burks",WR,116,WAS,26.5,43
334,"Daniel Bellinger",TE,45,TEN,26.0,42
335,"Joshua Palmer",WR,117,BUF,27.0,41
336,"Garrett Nussmeier",QB,58,KC,24.7,39
337,"Olamide Zaccheaus",WR,118,ATL,29.2,38
338,"Cooper Rush",QB,59,ATL,32.9,37
339,"Jack Endries",TE,46,CIN,22.5,37
340,"Barion Brown",WR,119,NO,22.8,35
341,"Devin Singletary",RB,81,NYG,29.1,32
342,"Mitchell Trubisky",QB,60,TEN,32.1,32
343,"Arian Smith",WR,120,NYJ,25.0,32
344,"Cole Payton",QB,61,PHI,24.0,32
345,"Jam Miller",RB,82,ATL,0.0,29
346,"George Holani",RB,83,SEA,26.8,28
347,"Theo Wease",WR,121,LAC,25.3,28
348,"Jarrett Stidham",QB,62,DEN,30.2,28
349,"Colbie Young",WR,122,CIN,24.2,28
350,"Chris Brooks",RB,84,GB,26.7,26
351,"Dont'e Thornton",WR,123,LV,23.9,25
352,"Jackson Hawes",TE,47,BUF,25.8,25
353,"Jack Strand",QB,63,ATL,22.3,24
354,"Case Keenum",QB,64,CHI,38.6,23
355,"Austin Ekeler",RB,85,WAS,31.4,22
356,"Phil Mafah",RB,86,NYG,24.0,22
357,"Tanner Koziol",TE,48,JAX,22.7,22
358,"Christian Kirk",WR,124,SF,29.9,21
359,"Ja'Tavion Sanders",TE,49,CAR,23.5,21
360,"Efton Chism",WR,125,NE,25.0,20
361,"Tyrod Taylor",QB,65,GB,37.2,20
362,"Zonovan Knight",RB,87,ARI,25.5,20
363,"Darren Waller",TE,50,CAR,34.1,20
364,"Andy Dalton",QB,66,PHI,38.9,19
365,"Jaydon Blue",RB,88,PHI,22.7,19
366,"Roschon Johnson",RB,89,CHI,25.7,19
367,"Odell Beckham",WR,126,MIN,33.9,18
368,"Dohnte Meyers",WR,127,CIN,26.3,17
369,"Xavier Restrepo",WR,128,TEN,24.5,17
370,"Elijah Higgins",TE,51,ARI,25.9,17
371,"Malik Benson",WR,129,LV,24.0,17
372,"Elijah Moore",WR,130,PHI,26.5,16
373,"Andrei Iosivas",WR,131,CIN,27.0,16
374,"Trevor Etienne",RB,90,CAR,22.2,15
375,"Zach Ertz",TE,52,PHI,35.9,14
376,"Theo Johnson",TE,53,NYG,25.6,14
377,"Cole Kmet",TE,54,CHI,27.6,14
378,"Isaiah Bond",WR,132,CLE,22.6,14
379,"DeMario Douglas",WR,133,NE,25.8,13
380,"Will Shipley",RB,91,PHI,24.1,13
381,"Jonnu Smith",TE,55,GB,31.1,13
382,"Sam Howell",QB,67,DAL,26.1,13
383,"Darius Slayton",WR,134,IND,29.7,13
384,"Haynes King",QB,68,CAR,25.7,13
385,"Josh Cameron",WR,135,JAX,23.6,13
386,"J'Mari Taylor",RB,92,JAX,24.6,13
387,"Erick All",TE,56,CIN,26.1,12
388,"Luke McCaffrey",WR,136,WAS,25.5,12
389,"Tyler Conklin",TE,57,DET,31.2,12
390,"Tommy DeVito",QB,69,NE,28.2,12
391,"Nate Boerkircher",TE,58,JAX,25.1,12
392,"Deion Burks",WR,137,IND,23.7,12
393,"Skyy Moore",WR,138,GB,26.1,11
394,"Kevin Coleman",WR,139,MIA,23.1,11
395,"Michael Carter",RB,93,TEN,27.4,10
396,"Justin Joly",TE,59,MIA,22.2,10
397,"Savion Williams",WR,140,GB,24.9,9
398,"Ben Sinnott",TE,60,WAS,24.3,9
399,"Chimere Dike",WR,141,TEN,24.8,9
400,"Tyler Goodson",RB,94,DAL,25.9,9
401,"Trey Lance",QB,70,LAC,26.4,9
402,"Kendrick Bourne",WR,142,ARI,31.2,9
403,"Kyle McCord",QB,71,MIA,24.1,9
404,"Noah Fant",TE,61,NO,28.9,9
405,"AJ Dillon",RB,95,CAR,28.4,9
406,"Eli Heidenreich",RB,96,PIT,23.3,9
407,"Marlin Klein",TE,62,HOU,24.1,9
408,"Taylen Green",QB,72,CLE,24.0,9
409,"Isaiah Davis",RB,97,NYJ,24.6,8
410,"Will Levis",QB,73,NYJ,27.3,8
411,"Tahj Brooks",RB,98,CIN,24.4,8
412,"KaVontae Turpin",WR,143,DAL,30.2,8
413,"Marquise Brown",WR,144,PHI,29.3,8
414,"DeeJay Dallas",RB,99,MIN,28.1,8
415,"Gardner Minshew",QB,74,ARI,30.4,8
416,"Tanner McKee",QB,75,PHI,26.4,8
417,"Ty Johnson",RB,100,BUF,29.1,8
418,"Matt Hibner",TE,63,BAL,24.6,8
419,"Jahdae Walker",WR,145,CHI,24.3,7
420,"Tyler Higbee",TE,64,LAR,33.8,7
421,"Kenny Pickett",QB,76,CAR,28.3,7
422,"Jaylin Lane",WR,146,WAS,24.4,7
423,"Mack Hollins",WR,147,NE,33.1,7
424,"Darius Cooper",WR,148,PHI,24.9,7
425,"Dillon Gabriel",QB,77,CLE,25.8,7
426,"Audric Estime",RB,101,MIN,23.1,6
427,"Isaiah Williams",WR,149,NYJ,25.7,6
428,"Brashard Smith",RB,102,KC,23.5,6
429,"Tyler Huntley",QB,78,BAL,28.7,6
430,"Tai Felton",WR,150,MIN,23.6,6
431,"Riley Leonard",QB,79,IND,24.1,6
432,"Carson Wentz",QB,80,MIN,33.8,6
433,"CJ Daniels",WR,151,LAR,24.8,6
434,"Zavion Thomas",WR,152,CHI,22.6,6
435,"Camden Brown",WR,153,DAL,22.4,6
436,"Jahan Dotson",WR,154,ATL,26.5,5
437,"Jacob Saylors",RB,103,DET,25.6,5
438,"James Conner",RB,104,ARI,31.4,5
439,"Sione Vaki",RB,105,DET,25.2,5
440,"LeQuint Allen",RB,106,JAX,22.2,5
441,"Brenen Thompson",WR,155,LAC,23.2,5
442,"Will Kacmarek",TE,65,MIA,23.7,5
443,"Samaje Perine",RB,107,CIN,31.1,3
